<?xml version="1.0" encoding="UTF-8"?>
<GenRun Id="synth_1" LaunchPart="xc7a35tcpg236-1" LaunchTime="1702108429" LaunchIncrCheckpoint="$PSRCDIR/utils_1/imports/synth_1/uart_top.dcp">
  <File Type="PA-TCL" Name="uart_top.tcl"/>
  <File Type="RDS-PROPCONSTRS" Name="uart_top_drc_synth.rpt"/>
  <File Type="REPORTS-TCL" Name="uart_top_reports.tcl"/>
  <File Type="RDS-RDS" Name="uart_top.vds"/>
  <File Type="RDS-UTIL" Name="uart_top_utilization_synth.rpt"/>
  <File Type="RDS-UTIL-PB" Name="uart_top_utilization_synth.pb"/>
  <File Type="RDS-DCP" Name="uart_top.dcp"/>
  <File Type="VDS-TIMINGSUMMARY" Name="uart_top_timing_summary_synth.rpt"/>
  <File Type="VDS-TIMING-PB" Name="uart_top_timing_summary_synth.pb"/>
  <FileSet Name="sources" Type="DesignSrcs" RelSrcDir="$PSRCDIR/sources_1" RelGenDir="$PGENDIR/sources_1">
    <Filter Type="Srcs"/>
    <File Path="$PSRCDIR/sources_1/new/clk_div.v">
      <FileInfo>
        <Attr Name="ImportPath" Val="$PPRDIR/../../prg2final/uart2/uart2/uart.srcs/sources_1/new/clk_div.v"/>
        <Attr Name="ImportTime" Val="1701150328"/>
        <Attr Name="UsedIn" Val="synthesis"/>
        <Attr Name="UsedIn" Val="implementation"/>
        <Attr Name="UsedIn" Val="simulation"/>
      </FileInfo>
    </File>
    <File Path="$PSRCDIR/sources_1/Shizhe/enigma_implementation_onward.v">
      <FileInfo>
        <Attr Name="ImportPath" Val="$PPRDIR/../../prg2final/uart2/uart2/uart.srcs/sources_1/Shizhe/enigma_implementation_onward.v"/>
        <Attr Name="ImportTime" Val="1701917900"/>
        <Attr Name="UsedIn" Val="synthesis"/>
        <Attr Name="UsedIn" Val="implementation"/>
        <Attr Name="UsedIn" Val="simulation"/>
      </FileInfo>
    </File>
    <File Path="$PSRCDIR/sources_1/Shizhe/lampboard.v">
      <FileInfo>
        <Attr Name="ImportPath" Val="$PPRDIR/../../prg2final/uart2/uart2/uart.srcs/sources_1/Shizhe/lampboard.v"/>
        <Attr Name="ImportTime" Val="1701909631"/>
        <Attr Name="UsedIn" Val="synthesis"/>
        <Attr Name="UsedIn" Val="implementation"/>
        <Attr Name="UsedIn" Val="simulation"/>
      </FileInfo>
    </File>
    <File Path="$PSRCDIR/sources_1/Shizhe/plugboard.v">
      <FileInfo>
        <Attr Name="ImportPath" Val="$PPRDIR/../../prg2final/uart2/uart2/uart.srcs/sources_1/Shizhe/plugboard.v"/>
        <Attr Name="ImportTime" Val="1701912571"/>
        <Attr Name="UsedIn" Val="synthesis"/>
        <Attr Name="UsedIn" Val="implementation"/>
        <Attr Name="UsedIn" Val="simulation"/>
      </FileInfo>
    </File>
    <File Path="$PSRCDIR/sources_1/Shizhe/reflector.v">
      <FileInfo>
        <Attr Name="ImportPath" Val="$PPRDIR/../../prg2final/uart2/uart2/uart.srcs/sources_1/Shizhe/reflector.v"/>
        <Attr Name="ImportTime" Val="1701909648"/>
        <Attr Name="UsedIn" Val="synthesis"/>
        <Attr Name="UsedIn" Val="implementation"/>
        <Attr Name="UsedIn" Val="simulation"/>
      </FileInfo>
    </File>
    <File Path="$PSRCDIR/sources_1/Shizhe/rotation_engine.v">
      <FileInfo>
        <Attr Name="ImportPath" Val="$PPRDIR/../../prg2final/uart2/uart2/uart.srcs/sources_1/Shizhe/rotation_engine.v"/>
        <Attr Name="ImportTime" Val="1701918749"/>
        <Attr Name="UsedIn" Val="synthesis"/>
        <Attr Name="UsedIn" Val="implementation"/>
        <Attr Name="UsedIn" Val="simulation"/>
      </FileInfo>
    </File>
    <File Path="$PSRCDIR/sources_1/Shizhe/rotor0.v">
      <FileInfo>
        <Attr Name="ImportPath" Val="$PPRDIR/../../prg2final/uart2/uart2/uart.srcs/sources_1/Shizhe/rotor0.v"/>
        <Attr Name="ImportTime" Val="1701909635"/>
        <Attr Name="UsedIn" Val="synthesis"/>
        <Attr Name="UsedIn" Val="implementation"/>
        <Attr Name="UsedIn" Val="simulation"/>
      </FileInfo>
    </File>
    <File Path="$PSRCDIR/sources_1/Shizhe/rotor1.v">
      <FileInfo>
        <Attr Name="ImportPath" Val="$PPRDIR/../../prg2final/uart2/uart2/uart.srcs/sources_1/Shizhe/rotor1.v"/>
        <Attr Name="ImportTime" Val="1701909638"/>
        <Attr Name="UsedIn" Val="synthesis"/>
        <Attr Name="UsedIn" Val="implementation"/>
        <Attr Name="UsedIn" Val="simulation"/>
      </FileInfo>
    </File>
    <File Path="$PSRCDIR/sources_1/Shizhe/rotor2.v">
      <FileInfo>
        <Attr Name="ImportPath" Val="$PPRDIR/../../prg2final/uart2/uart2/uart.srcs/sources_1/Shizhe/rotor2.v"/>
        <Attr Name="ImportTime" Val="1701909640"/>
        <Attr Name="UsedIn" Val="synthesis"/>
        <Attr Name="UsedIn" Val="implementation"/>
        <Attr Name="UsedIn" Val="simulation"/>
      </FileInfo>
    </File>
    <File Path="$PSRCDIR/sources_1/Shizhe/seg_letter_display.v">
      <FileInfo>
        <Attr Name="ImportPath" Val="$PPRDIR/../../prg2final/uart2/uart2/uart.srcs/sources_1/Shizhe/seg_letter_display.v"/>
        <Attr Name="ImportTime" Val="1701909645"/>
        <Attr Name="UsedIn" Val="synthesis"/>
        <Attr Name="UsedIn" Val="implementation"/>
        <Attr Name="UsedIn" Val="simulation"/>
      </FileInfo>
    </File>
    <File Path="$PSRCDIR/sources_1/Shizhe/seven_segment_top.v">
      <FileInfo>
        <Attr Name="ImportPath" Val="$PPRDIR/../../prg2final/uart2/uart2/uart.srcs/sources_1/Shizhe/seven_segment_top.v"/>
        <Attr Name="ImportTime" Val="1701909643"/>
        <Attr Name="UsedIn" Val="synthesis"/>
        <Attr Name="UsedIn" Val="implementation"/>
        <Attr Name="UsedIn" Val="simulation"/>
      </FileInfo>
    </File>
    <File Path="$PSRCDIR/sources_1/new/uart_rx.v">
      <FileInfo>
        <Attr Name="ImportPath" Val="$PPRDIR/../../prg2final/uart2/uart2/uart.srcs/sources_1/new/uart_rx.v"/>
        <Attr Name="ImportTime" Val="1701913266"/>
        <Attr Name="UsedIn" Val="synthesis"/>
        <Attr Name="UsedIn" Val="implementation"/>
        <Attr Name="UsedIn" Val="simulation"/>
      </FileInfo>
    </File>
    <File Path="$PSRCDIR/sources_1/new/uart_tx.v">
      <FileInfo>
        <Attr Name="ImportPath" Val="$PPRDIR/../../prg2final/uart2/uart2/uart.srcs/sources_1/new/uart_tx.v"/>
        <Attr Name="ImportTime" Val="1701150328"/>
        <Attr Name="UsedIn" Val="synthesis"/>
        <Attr Name="UsedIn" Val="implementation"/>
        <Attr Name="UsedIn" Val="simulation"/>
      </FileInfo>
    </File>
    <File Path="$PSRCDIR/sources_1/new/uart_top.v">
      <FileInfo>
        <Attr Name="ImportPath" Val="$PPRDIR/../../prg2final/uart2/uart2/uart.srcs/sources_1/new/uart_top.v"/>
        <Attr Name="ImportTime" Val="1701917876"/>
        <Attr Name="UsedIn" Val="synthesis"/>
        <Attr Name="UsedIn" Val="implementation"/>
        <Attr Name="UsedIn" Val="simulation"/>
      </FileInfo>
    </File>
    <Config>
      <Option Name="DesignMode" Val="RTL"/>
      <Option Name="TopModule" Val="uart_top"/>
      <Option Name="TopAutoSet" Val="TRUE"/>
    </Config>
  </FileSet>
  <FileSet Name="constrs_in" Type="Constrs" RelSrcDir="$PSRCDIR/constrs_1" RelGenDir="$PGENDIR/constrs_1">
    <Filter Type="Constrs"/>
    <File Path="$PSRCDIR/constrs_1/new/1.xdc">
      <FileInfo>
        <Attr Name="ImportPath" Val="$PPRDIR/../../prg2final/uart2/uart2/uart.srcs/constrs_1/new/1.xdc"/>
        <Attr Name="ImportTime" Val="1701918631"/>
        <Attr Name="UsedIn" Val="synthesis"/>
        <Attr Name="UsedIn" Val="implementation"/>
      </FileInfo>
    </File>
    <Config>
      <Option Name="TargetConstrsFile" Val="$PSRCDIR/constrs_1/new/1.xdc"/>
      <Option Name="ConstrsType" Val="XDC"/>
    </Config>
  </FileSet>
  <FileSet Name="utils" Type="Utils" RelSrcDir="$PSRCDIR/utils_1" RelGenDir="$PGENDIR/utils_1">
    <Filter Type="Utils"/>
    <File Path="$PSRCDIR/utils_1/imports/synth_1/uart_top.dcp">
      <FileInfo>
        <Attr Name="ImportPath" Val="$PPRDIR/../../prg2final/uart2/uart2/uart.srcs/utils_1/imports/synth_1/uart_top.dcp"/>
        <Attr Name="ImportTime" Val="1701918772"/>
        <Attr Name="UsedIn" Val="synthesis"/>
        <Attr Name="UsedIn" Val="implementation"/>
        <Attr Name="UsedInSteps" Val="synth_1"/>
        <Attr Name="AutoDcp" Val="1"/>
      </FileInfo>
    </File>
    <Config>
      <Option Name="TopAutoSet" Val="TRUE"/>
    </Config>
  </FileSet>
  <Strategy Version="1" Minor="2">
    <StratHandle Name="Vivado Synthesis Defaults" Flow="Vivado Synthesis 2014"/>
    <Step Id="synth_design"/>
  </Strategy>
</GenRun>
